{"cameraMode":{"drawMode":0,"name":"Shaded","section":"Shading Mode"},"sceneLighting":false,"audioPlay":false,"sceneViewState":{"m_AlwaysRefresh":false,"showFog":true,"showSkybox":false,"showFlares":true,"showImageEffects":true,"showParticleSystems":true,"showVisualEffectGraphs":true,"m_FxEnabled":true},"in2DMode":false,"pivot":{"x":-36.40298080444336,"y":3.2801311016082765,"z":2.689638137817383},"rotation":{"x":0.15569686889648438,"y":-0.0005904624122194946,"z":0.00039025023579597473,"w":0.9879595041275024},"size":2.448333978652954,"orthographic":false}