{"cameraMode":{"drawMode":0,"name":"Shaded","section":"Shading Mode"},"sceneLighting":false,"audioPlay":false,"sceneViewState":{"m_AlwaysRefresh":false,"showFog":true,"showSkybox":false,"showFlares":true,"showImageEffects":true,"showParticleSystems":true,"showVisualEffectGraphs":true,"m_FxEnabled":true},"in2DMode":false,"pivot":{"x":-23.697525024414064,"y":-1.6315562725067139,"z":23.06468391418457},"rotation":{"x":-0.06212744489312172,"y":0.5615962743759155,"z":-0.042442575097084048,"w":-0.8240220546722412},"size":52.789119720458987,"orthographic":false}