{"cameraMode":{"drawMode":0,"name":"Shaded","section":"Shading Mode"},"sceneLighting":false,"audioPlay":false,"sceneViewState":{"m_AlwaysRefresh":false,"showFog":true,"showSkybox":false,"showFlares":true,"showImageEffects":true,"showParticleSystems":true,"showVisualEffectGraphs":true,"m_FxEnabled":true},"in2DMode":false,"pivot":{"x":0.8101692199707031,"y":-0.8265909552574158,"z":-0.08315537124872208},"rotation":{"x":0.13816474378108979,"y":-0.3811047673225403,"z":0.057753175497055057,"w":0.9123632907867432},"size":3.593022346496582,"orthographic":false}