{"cameraMode":{"drawMode":0,"name":"Shaded","section":"Shading Mode"},"sceneLighting":true,"audioPlay":false,"sceneViewState":{"m_AlwaysRefresh":false,"showFog":true,"showSkybox":true,"showFlares":true,"showImageEffects":true,"showParticleSystems":true,"showVisualEffectGraphs":true,"m_FxEnabled":true},"in2DMode":false,"pivot":{"x":-29.611557006835939,"y":-37.38704299926758,"z":81.07344818115235},"rotation":{"x":0.19945229589939118,"y":-0.13892357051372529,"z":0.028288396075367929,"w":0.9697285890579224},"size":68.90485382080078,"orthographic":false}