{"cameraMode":{"drawMode":0,"name":"Shaded","section":"Shading Mode"},"sceneLighting":false,"audioPlay":false,"sceneViewState":{"m_AlwaysRefresh":false,"showFog":true,"showSkybox":false,"showFlares":true,"showImageEffects":true,"showParticleSystems":true,"showVisualEffectGraphs":true,"m_FxEnabled":true},"in2DMode":false,"pivot":{"x":-0.1508868932723999,"y":-0.49330246448516848,"z":-0.40786218643188479},"rotation":{"x":0.21924246847629548,"y":-0.43509823083877566,"z":0.11008309572935105,"w":0.8665357232093811},"size":1.37621009349823,"orthographic":false}