{"cameraMode":{"drawMode":0,"name":"Shaded","section":"Shading Mode"},"sceneLighting":false,"audioPlay":false,"sceneViewState":{"m_AlwaysRefresh":false,"showFog":true,"showSkybox":false,"showFlares":true,"showImageEffects":true,"showParticleSystems":true,"showVisualEffectGraphs":true,"m_FxEnabled":true},"in2DMode":false,"pivot":{"x":-22.788923263549806,"y":2.3191633224487306,"z":40.5814323425293},"rotation":{"x":0.2322019338607788,"y":0.008191047236323357,"z":-0.0016733394004404545,"w":0.9727942943572998},"size":1.6247934103012086,"orthographic":false}